02/10/2014,09:35,189.33,194.67,189.30,193.07,437719,394289
02/10/2014,09:40,193.24,196.00,193.07,194.17,315810,301850
02/10/2014,09:45,194.16,195.15,193.99,194.85,161796,144926
02/10/2014,09:50,195.00,195.30,193.50,193.98,127053,165437
02/10/2014,09:55,193.99,194.00,192.80,193.24,116227,161600
02/10/2014,10:00,193.23,194.54,193.00,194.41,110600,88628
02/10/2014,10:05,194.45,194.49,192.81,193.21,74349,127784
02/10/2014,10:10,193.21,193.35,191.54,192.09,142892,174719
02/10/2014,10:15,191.86,192.73,191.80,192.10,130693,138996
02/10/2014,10:20,192.10,193.40,191.86,192.73,113922,86470
02/10/2014,10:25,192.85,194.38,192.57,194.34,78682,64187
02/10/2014,10:30,194.37,194.45,193.54,194.25,69933,57444
02/10/2014,10:35,194.32,194.35,193.07,193.27,44281,53454
02/10/2014,10:40,193.20,193.44,192.34,193.13,65567,70953
02/10/2014,10:45,193.23,193.90,192.87,193.35,44946,36113
02/10/2014,10:50,193.49,193.49,192.56,192.64,34431,54791
02/10/2014,10:55,192.61,193.20,192.25,192.79,54753,49499
02/10/2014,11:00,192.85,193.50,192.64,193.44,41179,38512
02/10/2014,11:05,193.44,193.87,193.14,193.35,70924,56931
02/10/2014,11:10,193.35,194.27,193.26,193.95,59188,33138
02/10/2014,11:15,194.07,194.25,193.87,193.90,33861,40852
02/10/2014,11:20,193.93,194.72,193.90,194.65,69977,41299
02/10/2014,11:25,194.64,194.99,194.50,194.87,51597,50681
02/10/2014,11:30,194.87,195.20,194.50,194.59,57340,57739
02/10/2014,11:35,194.51,194.87,194.50,194.56,29715,43000
02/10/2014,11:40,194.52,194.63,193.57,193.92,38467,57698
02/10/2014,11:45,193.93,194.40,193.91,194.28,27124,21512
02/10/2014,11:50,194.30,194.48,194.05,194.39,20804,13255
02/10/2014,11:55,194.39,195.29,194.31,194.93,76385,82972
02/10/2014,12:00,194.99,195.59,194.75,195.19,82430,53498
02/10/2014,12:05,195.19,195.26,194.81,195.10,62366,44885
02/10/2014,12:10,195.11,195.98,195.10,195.86,95734,54379
02/10/2014,12:15,195.84,196.48,195.50,196.26,140393,79972
02/10/2014,12:20,196.21,197.49,196.21,197.36,175408,106283
02/10/2014,12:25,197.35,198.20,197.19,198.00,128675,102569
02/10/2014,12:30,198.18,198.33,197.80,198.21,135416,125719
02/10/2014,12:35,198.23,198.69,197.66,198.67,123766,138673
02/10/2014,12:40,198.67,199.30,198.30,198.47,180877,165028
02/10/2014,12:45,198.47,198.60,197.44,198.25,131510,119494
02/10/2014,12:50,198.25,198.34,196.84,197.15,65467,108793
02/10/2014,12:55,197.17,197.40,196.76,197.24,67814,72297
02/10/2014,13:00,197.29,197.29,196.47,196.60,52874,65496
02/10/2014,13:05,196.67,197.39,196.61,197.05,47183,35955
02/10/2014,13:10,197.14,197.49,196.77,196.85,52143,50242
02/10/2014,13:15,196.81,196.97,195.65,195.76,54439,70869
02/10/2014,13:20,195.77,196.62,195.30,196.62,69557,69835
02/10/2014,13:25,196.63,197.75,196.53,197.66,93307,79199
02/10/2014,13:30,197.70,198.58,197.46,198.26,81252,66238
02/10/2014,13:35,198.23,198.46,197.64,197.75,61374,52976
02/10/2014,13:40,197.76,198.26,197.45,197.64,32670,38896
02/10/2014,13:45,197.60,197.86,197.00,197.04,28758,34860
02/10/2014,13:50,197.12,197.86,197.10,197.40,21732,25560
02/10/2014,13:55,197.41,197.75,197.18,197.18,29647,31685
02/10/2014,14:00,197.22,197.65,197.19,197.64,19366,15387
02/10/2014,14:05,197.66,197.75,197.44,197.60,11946,18417
02/10/2014,14:10,197.60,198.29,197.11,198.26,44986,54291
02/10/2014,14:15,198.20,198.50,198.06,198.39,45300,44633
02/10/2014,14:20,198.38,198.75,197.81,198.25,62729,77176
02/10/2014,14:25,198.29,198.65,198.00,198.27,42458,41022
02/10/2014,14:30,198.15,198.73,197.75,198.73,39995,56011
02/10/2014,14:35,198.62,199.11,198.55,198.94,109756,71058
02/10/2014,14:40,198.93,199.30,198.63,198.98,70683,65610
02/10/2014,14:45,199.00,199.00,198.14,198.37,46381,47985
02/10/2014,14:50,198.48,198.50,197.42,197.95,53010,51789
02/10/2014,14:55,197.84,198.24,197.76,197.87,35561,34159
02/10/2014,15:00,197.76,198.15,197.17,197.70,42724,52018
02/10/2014,15:05,197.55,197.99,197.09,197.47,31598,39590
02/10/2014,15:10,197.31,197.66,197.02,197.18,24657,44133
02/10/2014,15:15,197.03,197.42,196.80,197.14,35196,53327
02/10/2014,15:20,197.04,197.46,197.04,197.21,33956,24592
02/10/2014,15:25,197.16,197.35,196.58,196.98,34709,48455
02/10/2014,15:30,197.01,197.36,196.91,197.20,36297,48379
02/10/2014,15:35,197.13,197.32,196.66,196.67,33157,56853
02/10/2014,15:40,196.71,197.08,196.67,196.70,66682,56845
02/10/2014,15:45,196.70,197.20,196.70,197.20,85977,73546
02/10/2014,15:50,197.17,197.33,196.82,196.85,87484,66090
02/10/2014,15:55,196.92,197.09,196.73,197.00,67957,74367
02/10/2014,16:00,196.99,197.09,196.46,196.49,136620,176121
02/11/2014,09:35,199.00,202.20,197.67,199.26,444828,505600
02/11/2014,09:40,199.35,199.39,196.96,197.32,131294,188291
02/11/2014,09:45,197.28,199.40,197.25,198.09,108641,91597
02/11/2014,09:50,198.09,198.11,196.60,197.01,83520,149637
02/11/2014,09:55,197.18,197.46,195.35,195.61,135531,179089
02/11/2014,10:00,195.61,196.80,194.75,196.60,161048,157593
02/11/2014,10:05,196.78,196.80,194.85,195.79,129382,166592
02/11/2014,10:10,195.79,195.79,193.85,194.67,136201,146177
02/11/2014,10:15,194.84,194.93,193.67,194.37,98918,102322
02/11/2014,10:20,194.44,194.88,193.65,193.70,80545,84227
02/11/2014,10:25,193.70,194.59,192.70,194.52,194642,213544
02/11/2014,10:30,194.50,195.47,194.10,195.30,98968,123091
02/11/2014,10:35,195.16,196.68,195.15,196.52,129099,108563
02/11/2014,10:40,196.60,196.60,195.82,196.23,58306,63758
02/11/2014,10:45,196.40,197.44,196.36,197.10,113591,94808
02/11/2014,10:50,197.03,197.63,196.82,197.19,78771,90831
02/11/2014,10:55,197.30,197.35,195.87,196.05,64890,75579
02/11/2014,11:00,196.16,197.41,195.91,197.41,38943,31427
02/11/2014,11:05,197.33,198.22,197.29,197.70,78903,61575
02/11/2014,11:10,197.65,197.89,197.20,197.77,24761,44672
02/11/2014,11:15,197.73,197.89,197.31,197.57,26296,21389
02/11/2014,11:20,197.70,197.85,197.20,197.85,30219,32916
02/11/2014,11:25,197.75,198.30,197.42,198.00,67441,45109
02/11/2014,11:30,197.95,198.20,197.50,197.76,34727,35847
02/11/2014,11:35,197.65,197.88,196.20,196.51,69285,92548
02/11/2014,11:40,196.73,197.84,196.55,197.70,57433,64154
02/11/2014,11:45,197.69,197.73,197.14,197.55,17324,38110
02/11/2014,11:50,197.55,197.68,196.76,196.91,23421,31855
02/11/2014,11:55,196.87,197.00,195.80,195.93,21439,50423
02/11/2014,12:00,195.95,196.49,195.75,196.36,32385,29630
02/11/2014,12:05,196.41,196.60,195.90,195.97,11439,21422
02/11/2014,12:10,196.00,196.41,196.00,196.08,14826,23405
02/11/2014,12:15,196.13,196.59,195.81,196.33,26794,21880
02/11/2014,12:20,196.43,197.20,196.03,197.03,35862,28651
02/11/2014,12:25,197.10,197.38,196.99,197.28,17474,19603
02/11/2014,12:30,197.12,197.64,197.12,197.43,33905,26371
02/11/2014,12:35,197.35,197.97,197.35,197.55,36180,31701
02/11/2014,12:40,197.65,197.67,196.84,197.12,24117,24204
02/11/2014,12:45,197.04,197.35,196.56,197.09,21025,22853
02/11/2014,12:50,197.06,197.23,196.71,196.98,11525,11869
02/11/2014,12:55,196.98,197.24,196.80,196.93,10340,15614
02/11/2014,13:00,196.80,197.49,196.65,197.48,24668,14346
02/11/2014,13:05,197.47,197.90,197.42,197.68,38488,30530
02/11/2014,13:10,197.63,197.81,197.00,197.25,14239,27473
02/11/2014,13:15,197.24,197.46,197.07,197.26,17031,15070
02/11/2014,13:20,197.36,197.36,196.75,197.24,23566,18035
02/11/2014,13:25,197.18,197.41,196.98,197.12,8619,9831
02/11/2014,13:30,197.27,198.78,197.27,198.54,143539,67711
02/11/2014,13:35,198.50,198.66,198.19,198.48,33573,31696
02/11/2014,13:40,198.48,199.20,198.03,198.94,64999,58691
02/11/2014,13:45,198.93,199.69,198.85,199.58,54475,43511
02/11/2014,13:50,199.48,199.75,199.30,199.57,47732,50952
02/11/2014,13:55,199.56,199.60,198.67,198.88,32956,44346
02/11/2014,14:00,198.79,199.00,198.71,198.88,30249,22278
02/11/2014,14:05,198.87,199.37,198.87,199.33,47837,30897
02/11/2014,14:10,199.33,199.83,199.22,199.83,60281,50009
02/11/2014,14:15,199.83,200.60,199.75,200.00,150083,92591
02/11/2014,14:20,199.98,200.20,198.86,199.55,65821,76588
02/11/2014,14:25,199.69,199.98,199.20,199.78,42688,44997
02/11/2014,14:30,199.87,199.93,199.27,199.51,41331,31153
02/11/2014,14:35,199.47,199.67,199.06,199.11,15375,26196
02/11/2014,14:40,199.00,199.68,198.90,199.68,31223,30350
02/11/2014,14:45,199.73,199.89,199.42,199.58,24319,35415
02/11/2014,14:50,199.58,199.75,199.25,199.46,21084,20826
02/11/2014,14:55,199.43,199.81,199.28,199.61,20295,15174
02/11/2014,15:00,199.62,199.85,199.47,199.66,28324,21333
02/11/2014,15:05,199.66,199.66,199.00,199.00,25881,43164
02/11/2014,15:10,199.03,199.27,198.55,198.78,49427,56841
02/11/2014,15:15,198.78,199.00,198.76,198.98,31933,32206
02/11/2014,15:20,199.00,199.31,198.80,199.30,43394,31743
02/11/2014,15:25,199.29,199.30,198.88,198.98,21918,26673
02/11/2014,15:30,199.00,199.05,198.38,198.52,44233,77378
02/11/2014,15:35,198.49,198.59,198.02,198.42,53636,56699
02/11/2014,15:40,198.46,198.76,198.17,198.22,38175,33542
02/11/2014,15:45,198.20,198.63,196.91,197.05,81399,107519
02/11/2014,15:50,197.06,197.14,195.57,196.04,101717,125486
02/11/2014,15:55,196.04,197.00,196.02,196.80,90460,59660
02/11/2014,16:00,196.80,196.88,196.44,196.67,116515,102825
02/12/2014,09:35,195.78,196.88,194.86,196.80,115374,144248
02/12/2014,09:40,196.75,198.27,195.60,196.34,106272,123627
02/12/2014,09:45,196.38,196.80,195.10,195.89,66900,96391
02/12/2014,09:50,196.07,197.00,196.00,196.60,47777,37108
02/12/2014,09:55,196.51,197.48,196.31,197.16,53754,40869
02/12/2014,10:00,197.16,197.32,196.32,196.93,27378,28448
02/12/2014,10:05,196.94,196.94,195.90,196.29,32856,60107
02/12/2014,10:10,196.29,196.55,195.60,196.50,59794,55171
02/12/2014,10:15,196.50,196.64,195.82,196.02,19099,38241
02/12/2014,10:20,196.04,196.39,195.76,195.81,17805,25090
02/12/2014,10:25,195.97,196.50,195.84,196.19,35893,38522
02/12/2014,10:30,196.01,196.16,195.50,195.83,55001,83657
02/12/2014,10:35,195.73,195.81,195.00,195.03,54936,95611
02/12/2014,10:40,195.05,196.43,195.00,196.35,70362,63304
02/12/2014,10:45,196.32,196.35,195.91,195.99,56611,80449
02/12/2014,10:50,195.97,196.33,195.52,196.20,58057,71764
02/12/2014,10:55,196.20,196.38,195.97,196.09,24102,22394
02/12/2014,11:00,196.04,196.19,195.80,195.93,13749,21131
02/12/2014,11:05,195.93,196.08,195.37,195.52,21137,18580
02/12/2014,11:10,195.50,195.89,195.37,195.82,17758,16571
02/12/2014,11:15,195.88,196.10,195.73,195.90,19044,10594
02/12/2014,11:20,195.81,196.29,195.63,195.93,25549,11758
02/12/2014,11:25,195.94,196.00,195.25,195.30,58379,27686
02/12/2014,11:30,195.25,195.45,195.00,195.00,40522,84517
02/12/2014,11:35,195.00,195.41,195.00,195.06,26645,39526
02/12/2014,11:40,195.13,195.22,194.32,194.61,29727,64933
02/12/2014,11:45,194.60,195.26,194.60,195.10,36015,25267
02/12/2014,11:50,195.16,195.48,194.98,194.98,25496,22713
02/12/2014,11:55,195.00,195.40,194.82,195.36,24988,25984
02/12/2014,12:00,195.38,195.78,195.10,195.40,29982,22648
02/12/2014,12:05,195.42,195.94,195.10,195.79,30973,18266
02/12/2014,12:10,195.75,196.18,195.70,195.74,42442,17771
02/12/2014,12:15,195.88,196.30,195.81,195.89,16388,16757
02/12/2014,12:20,196.00,196.04,195.70,195.96,19302,16521
02/12/2014,12:25,195.99,196.23,195.60,195.96,34747,36487
02/12/2014,12:30,195.95,196.45,195.87,196.24,34471,20163
02/12/2014,12:35,196.26,196.75,196.21,196.40,29339,18250
02/12/2014,12:40,196.38,196.75,196.28,196.40,28847,22714
02/12/2014,12:45,196.41,196.46,196.00,196.19,18986,15462
02/12/2014,12:50,196.20,196.28,195.90,196.26,16191,18395
02/12/2014,12:55,196.32,196.69,196.13,196.64,16771,13438
02/12/2014,13:00,196.56,196.69,196.04,196.28,15484,20776
02/12/2014,13:05,196.20,196.44,196.08,196.29,21354,13293
02/12/2014,13:10,196.18,196.26,195.85,196.00,18239,13976
02/12/2014,13:15,196.00,196.15,195.72,195.81,9394,16134
02/12/2014,13:20,195.81,196.17,195.80,196.09,17127,16853
02/12/2014,13:25,196.09,196.11,195.73,195.99,19466,25855
02/12/2014,13:30,195.99,196.00,195.32,195.32,12459,32413
02/12/2014,13:35,195.34,195.68,195.34,195.38,13320,13483
02/12/2014,13:40,195.49,195.50,195.06,195.06,19090,27575
02/12/2014,13:45,195.06,195.39,195.01,195.18,16304,14391
02/12/2014,13:50,195.33,195.50,195.18,195.32,6238,7421
02/12/2014,13:55,195.43,195.49,195.20,195.31,8524,7726
02/12/2014,14:00,195.31,195.49,195.25,195.42,8329,7446
02/12/2014,14:05,195.44,195.50,195.35,195.35,15146,8666
02/12/2014,14:10,195.35,195.50,195.18,195.30,8466,7068
02/12/2014,14:15,195.39,195.43,195.01,195.25,8694,9929
02/12/2014,14:20,195.26,195.39,195.02,195.32,9752,12716
02/12/2014,14:25,195.22,195.49,195.22,195.37,9703,4668
02/12/2014,14:30,195.40,195.55,195.12,195.39,30147,21399
02/12/2014,14:35,195.36,195.49,195.05,195.46,15084,11933
02/12/2014,14:40,195.46,196.15,195.46,195.97,40657,24940
02/12/2014,14:45,195.95,196.14,195.76,195.93,18965,15268
02/12/2014,14:50,195.93,196.14,195.73,195.82,12819,19470
02/12/2014,14:55,195.85,196.08,195.79,195.92,10645,8280
02/12/2014,15:00,195.95,196.08,195.57,196.00,12325,10303
02/12/2014,15:05,195.97,196.25,195.97,196.12,25650,12265
02/12/2014,15:10,196.13,196.40,195.93,196.24,26041,15950
02/12/2014,15:15,196.28,196.32,195.91,196.10,10499,16026
02/12/2014,15:20,196.14,196.33,195.98,196.18,29450,18833
02/12/2014,15:25,196.11,196.25,196.05,196.05,15560,13496
02/12/2014,15:30,196.13,196.18,195.91,195.96,19866,15890
02/12/2014,15:35,196.00,196.20,195.91,195.95,15712,13162
02/12/2014,15:40,195.85,196.02,195.20,195.22,59081,46369
02/12/2014,15:45,195.24,195.41,195.05,195.19,33029,25963
02/12/2014,15:50,195.26,195.55,195.23,195.44,33203,29405
02/12/2014,15:55,195.44,195.57,195.05,195.07,36464,43004
02/12/2014,16:00,195.09,195.50,195.00,195.32,86179,82964
02/13/2014,09:35,193.44,194.44,193.25,193.42,63745,108071
02/13/2014,09:40,193.46,194.20,193.30,194.08,54710,43735
02/13/2014,09:45,194.05,195.04,194.03,194.87,62656,49468
02/13/2014,09:50,194.59,196.60,194.55,196.59,95127,54696
02/13/2014,09:55,196.58,197.50,196.46,196.85,100934,81068
02/13/2014,10:00,196.90,197.58,196.60,197.45,72239,48077
02/13/2014,10:05,197.47,198.58,197.30,198.47,125513,79183
02/13/2014,10:10,198.45,199.95,198.40,199.90,208769,136620
02/13/2014,10:15,199.88,201.28,199.15,199.34,260263,202381
02/13/2014,10:20,199.35,201.00,199.23,200.51,132788,86627
02/13/2014,10:25,200.51,200.84,199.27,199.45,61982,79074
02/13/2014,10:30,199.39,199.57,198.65,199.31,71150,80186
02/13/2014,10:35,199.35,199.96,199.17,199.77,79962,67648
02/13/2014,10:40,199.78,200.32,199.20,200.22,97889,58496
02/13/2014,10:45,200.20,200.55,199.50,200.55,68434,44212
02/13/2014,10:50,200.58,201.21,200.29,201.12,123955,68382
02/13/2014,10:55,201.10,201.57,200.18,201.40,84146,67328
02/13/2014,11:00,201.50,201.74,201.00,201.74,70238,72627
02/13/2014,11:05,201.75,202.40,201.20,201.21,125606,75443
02/13/2014,11:10,201.47,201.69,200.50,200.60,52554,73356
02/13/2014,11:15,200.60,200.85,200.00,200.42,53043,57355
02/13/2014,11:20,200.46,200.95,200.46,200.86,32149,31353
02/13/2014,11:25,200.79,201.12,199.73,200.53,44080,60363
02/13/2014,11:30,200.54,200.78,200.20,200.78,24804,22423
02/13/2014,11:35,200.79,200.90,200.31,200.37,17179,23303
02/13/2014,11:40,200.37,200.75,200.32,200.60,12654,55654
02/13/2014,11:45,200.60,200.90,200.31,200.64,31744,25584
02/13/2014,11:50,200.80,201.50,200.80,201.50,55630,50489
02/13/2014,11:55,201.45,202.02,201.38,201.49,63529,49177
02/13/2014,12:00,201.40,201.78,200.91,201.42,25312,34367
02/13/2014,12:05,201.39,202.02,201.18,201.93,39448,24408
02/13/2014,12:10,201.89,202.01,201.50,201.59,16187,24572
02/13/2014,12:15,201.62,202.29,201.54,202.00,37103,26496
02/13/2014,12:20,201.99,202.22,201.66,201.92,28429,23533
02/13/2014,12:25,201.96,202.39,201.91,202.39,36021,26376
02/13/2014,12:30,202.28,202.72,201.77,201.89,88798,57974
02/13/2014,12:35,201.87,202.00,201.20,201.30,30136,42929
02/13/2014,12:40,201.50,201.90,201.30,201.75,21274,20250
02/13/2014,12:45,201.73,201.90,201.45,201.63,16572,12086
02/13/2014,12:50,201.50,201.62,200.95,201.40,46485,48031
02/13/2014,12:55,201.42,201.69,201.16,201.34,18716,15439
02/13/2014,13:00,201.50,201.70,201.30,201.54,16830,13822
02/13/2014,13:05,201.62,201.95,201.51,201.95,21551,16451
02/13/2014,13:10,201.95,202.10,201.64,201.88,26649,21626
02/13/2014,13:15,201.80,201.87,201.30,201.33,28556,77125
02/13/2014,13:20,201.44,201.89,201.42,201.73,13797,9390
02/13/2014,13:25,201.71,201.81,201.36,201.48,6185,8791
02/13/2014,13:30,201.55,201.70,201.14,201.28,12807,23477
02/13/2014,13:35,201.34,201.62,201.05,201.15,36376,37056
02/13/2014,13:40,201.21,201.34,200.62,201.19,37060,35759
02/13/2014,13:45,201.17,201.50,201.16,201.48,15256,15834
02/13/2014,13:50,201.48,201.67,201.31,201.55,19926,17592
02/13/2014,13:55,201.65,201.88,201.48,201.88,25915,17998
02/13/2014,14:00,201.87,202.05,201.77,202.03,33588,20532
02/13/2014,14:05,202.00,202.27,201.63,201.86,39329,32619
02/13/2014,14:10,201.87,202.15,201.76,201.82,18469,22002
02/13/2014,14:15,201.78,201.81,200.81,200.82,21013,27257
02/13/2014,14:20,200.82,201.15,200.15,200.25,40362,40622
02/13/2014,14:25,200.27,200.82,200.15,200.80,31478,28584
02/13/2014,14:30,200.80,200.80,200.05,200.16,66874,36638
02/13/2014,14:35,200.18,200.44,199.80,200.25,38674,71596
02/13/2014,14:40,200.25,200.60,199.95,200.44,26630,29662
02/13/2014,14:45,200.41,200.98,200.30,200.95,20451,16688
02/13/2014,14:50,200.95,201.00,200.75,200.98,12898,14760
02/13/2014,14:55,201.00,201.33,200.84,201.14,30029,30358
02/13/2014,15:00,201.06,201.16,200.40,200.82,24106,30028
02/13/2014,15:05,200.81,201.11,200.11,200.22,17558,26616
02/13/2014,15:10,200.23,200.61,200.19,200.42,21998,18189
02/13/2014,15:15,200.38,200.82,200.22,200.53,22200,16815
02/13/2014,15:20,200.53,200.78,200.40,200.45,15065,17873
02/13/2014,15:25,200.52,200.55,200.10,200.12,17280,22721
02/13/2014,15:30,200.12,200.43,200.01,200.21,44848,36800
02/13/2014,15:35,200.29,200.41,199.80,199.86,46303,64963
02/13/2014,15:40,199.88,200.11,199.72,199.91,49652,52514
02/13/2014,15:45,199.81,199.91,199.00,199.12,71692,93742
02/13/2014,15:50,199.20,199.50,199.15,199.38,48788,51570
02/13/2014,15:55,199.42,199.85,199.34,199.83,84951,74135
02/13/2014,16:00,199.84,199.84,199.36,199.62,73256,92727
02/14/2014,09:35,198.20,199.40,197.00,198.72,170800,203904
02/14/2014,09:40,198.73,201.88,198.71,200.61,185792,177164
02/14/2014,09:45,200.72,201.38,199.39,200.66,96679,91129
02/14/2014,09:50,200.51,200.58,198.70,199.05,55442,93312
02/14/2014,09:55,199.05,199.42,198.45,198.52,57500,86765
02/14/2014,10:00,198.52,198.89,197.55,198.73,64790,67653
02/14/2014,10:05,198.69,198.87,197.49,197.49,37877,62548
02/14/2014,10:10,197.49,197.99,197.25,197.81,43139,54266
02/14/2014,10:15,197.77,198.70,197.61,198.28,41923,41967
02/14/2014,10:20,198.10,199.25,198.08,198.75,52663,44709
02/14/2014,10:25,198.75,199.48,198.74,198.93,40435,27429
02/14/2014,10:30,198.92,199.38,198.84,199.20,33549,35105
02/14/2014,10:35,199.20,200.10,198.91,199.89,58642,47528
02/14/2014,10:40,199.96,200.20,199.29,199.50,30069,42099
02/14/2014,10:45,199.46,199.74,199.01,199.01,21741,42967
02/14/2014,10:50,199.18,199.43,198.75,199.10,28443,46303
02/14/2014,10:55,199.18,199.18,198.53,198.69,31536,35017
02/14/2014,11:00,198.77,198.85,198.03,198.17,20135,35335
02/14/2014,11:05,198.20,198.48,197.87,197.88,26449,55379
02/14/2014,11:10,197.88,198.04,197.53,197.66,51913,54774
02/14/2014,11:15,197.74,198.69,197.74,198.40,60438,34012
02/14/2014,11:20,198.40,199.17,198.40,198.96,34517,32060
02/14/2014,11:25,198.98,198.98,198.36,198.72,24460,30522
02/14/2014,11:30,198.63,199.85,198.57,199.50,57728,40320
02/14/2014,11:35,199.53,199.99,199.48,199.88,37299,33827
02/14/2014,11:40,199.88,199.90,199.08,199.39,36560,36211
02/14/2014,11:45,199.36,199.67,199.27,199.32,9538,14105
02/14/2014,11:50,199.30,199.47,198.80,198.80,15333,23097
02/14/2014,11:55,198.80,199.40,198.35,199.16,20950,28743
02/14/2014,12:00,199.17,199.63,199.17,199.34,16186,8813
02/14/2014,12:05,199.17,199.39,198.42,198.68,19716,24909
02/14/2014,12:10,198.68,198.80,198.31,198.55,28988,32303
02/14/2014,12:15,198.58,198.92,198.52,198.78,6525,9689
02/14/2014,12:20,198.78,198.87,198.26,198.34,10869,14360
02/14/2014,12:25,198.34,198.79,198.27,198.44,11647,9229
02/14/2014,12:30,198.41,198.57,197.85,198.00,17003,35522
02/14/2014,12:35,198.06,198.47,197.90,198.29,17385,12644
02/14/2014,12:40,198.31,198.61,198.13,198.59,9329,8606
02/14/2014,12:45,198.58,199.02,198.50,198.90,23736,10544
02/14/2014,12:50,199.00,199.23,198.90,198.92,13473,17160
02/14/2014,12:55,198.92,198.98,198.56,198.66,6013,10233
02/14/2014,13:00,198.60,198.61,198.33,198.61,6106,5379
02/14/2014,13:05,198.60,199.00,198.60,198.85,10128,11489
02/14/2014,13:10,198.90,199.50,198.87,199.50,37221,24452
02/14/2014,13:15,199.46,199.58,199.25,199.26,21601,12859
02/14/2014,13:20,199.26,199.60,199.23,199.52,17056,5954
02/14/2014,13:25,199.60,199.82,199.45,199.76,21897,18451
02/14/2014,13:30,199.71,200.00,199.60,200.00,48015,24802
02/14/2014,13:35,199.95,199.98,199.80,199.94,8225,11356
02/14/2014,13:40,199.95,200.75,199.95,200.75,81863,47873
02/14/2014,13:45,200.74,201.05,200.50,200.79,79820,54260
02/14/2014,13:50,200.82,200.83,200.01,200.10,39223,46177
02/14/2014,13:55,200.09,200.34,200.03,200.30,25271,20212
02/14/2014,14:00,200.30,200.44,200.05,200.34,13368,17644
02/14/2014,14:05,200.38,200.55,200.21,200.30,16201,23654
02/14/2014,14:10,200.46,200.46,199.77,199.87,20217,29913
02/14/2014,14:15,199.86,200.15,199.84,200.04,10380,19242
02/14/2014,14:20,200.14,200.31,200.04,200.12,9726,13020
02/14/2014,14:25,200.25,200.25,200.00,200.08,6094,9686
02/14/2014,14:30,200.03,200.23,199.83,199.89,19783,27681
02/14/2014,14:35,199.93,200.08,199.53,199.59,24352,24944
02/14/2014,14:40,199.57,199.79,198.94,198.94,41704,59342
02/14/2014,14:45,198.90,199.31,198.80,199.02,35949,31095
02/14/2014,14:50,199.00,199.36,199.00,199.22,27259,24553
02/14/2014,14:55,199.28,199.45,199.20,199.37,20636,29742
02/14/2014,15:00,199.41,199.45,198.91,199.14,26335,35613
02/14/2014,15:05,199.05,199.39,199.00,199.37,14093,10670
02/14/2014,15:10,199.40,199.41,198.66,198.74,24558,43148
02/14/2014,15:15,198.69,198.88,198.60,198.87,21087,20718
02/14/2014,15:20,198.77,198.92,198.65,198.70,23096,18874
02/14/2014,15:25,198.66,198.73,198.12,198.42,31223,44918
02/14/2014,15:30,198.36,198.58,198.04,198.13,18460,25659
02/14/2014,15:35,198.10,198.50,198.06,198.40,23620,19988
02/14/2014,15:40,198.38,198.58,198.27,198.48,27200,22185
02/14/2014,15:45,198.49,198.54,198.18,198.32,32585,31521
02/14/2014,15:50,198.35,198.54,198.30,198.38,26648,28202
02/14/2014,15:55,198.42,198.72,198.39,198.66,92395,86604
02/14/2014,16:00,198.68,198.76,198.07,198.20,92169,105903
02/18/2014,09:35,205.10,205.55,202.32,202.43,254275,408960
02/18/2014,09:40,202.78,204.77,202.47,204.20,140320,130561
02/18/2014,09:45,204.40,205.25,203.04,203.38,203088,168037
02/18/2014,09:50,203.21,204.45,202.97,204.01,107777,117381
02/18/2014,09:55,204.07,204.19,202.87,203.48,63722,108999
02/18/2014,10:00,203.44,203.52,202.60,202.92,68345,88977
02/18/2014,10:05,202.93,203.29,202.00,202.00,99367,166405
02/18/2014,10:10,202.00,202.85,201.36,202.84,102047,114801
02/18/2014,10:15,202.79,203.54,202.11,203.32,62226,57806
02/18/2014,10:20,203.31,204.08,203.27,204.07,116372,63128
02/18/2014,10:25,204.00,204.10,203.40,203.90,52851,73387
02/18/2014,10:30,203.93,204.08,203.52,203.92,45140,51663
02/18/2014,10:35,203.82,204.06,203.20,203.93,47887,51766
02/18/2014,10:40,203.91,204.80,203.69,204.41,108846,66883
02/18/2014,10:45,204.39,204.49,203.64,203.93,46356,59980
02/18/2014,10:50,203.95,204.16,203.75,203.83,38616,35634
02/18/2014,10:55,203.86,204.17,203.40,203.52,40829,56858
02/18/2014,11:00,203.53,204.04,203.53,203.98,24741,32049
02/18/2014,11:05,203.83,204.35,203.71,204.20,38783,23219
02/18/2014,11:10,204.27,204.30,203.60,204.05,25758,36478
02/18/2014,11:15,203.91,204.09,203.67,203.86,38481,27897
02/18/2014,11:20,203.91,205.10,203.74,205.03,104852,71825
02/18/2014,11:25,205.00,205.04,204.35,204.86,74300,73633
02/18/2014,11:30,204.97,205.72,204.70,205.51,99406,75069
02/18/2014,11:35,205.55,205.74,204.56,204.69,91364,84766
02/18/2014,11:40,204.71,204.81,204.40,204.78,40866,31095
02/18/2014,11:45,204.78,204.82,204.50,204.78,57101,32601
02/18/2014,11:50,204.76,204.99,204.40,204.40,38183,39375
02/18/2014,11:55,204.40,204.44,203.51,203.52,39473,68885
02/18/2014,12:00,203.63,204.38,203.44,204.04,48561,53463
02/18/2014,12:05,204.12,204.50,204.10,204.34,34408,27527
02/18/2014,12:10,204.40,204.47,204.16,204.38,18884,16850
02/18/2014,12:15,204.26,204.38,204.01,204.23,23114,19561
02/18/2014,12:20,204.20,204.47,204.09,204.24,19922,24544
02/18/2014,12:25,204.25,204.80,204.15,204.78,26267,21618
02/18/2014,12:30,204.79,204.89,204.60,204.66,29373,27051
02/18/2014,12:35,204.67,204.80,204.23,204.25,20732,19116
02/18/2014,12:40,204.30,204.60,204.06,204.57,25048,17825
02/18/2014,12:45,204.60,204.80,204.30,204.80,19403,13998
02/18/2014,12:50,204.80,204.87,204.63,204.80,18962,14752
02/18/2014,12:55,204.71,204.84,204.67,204.79,23481,14155
02/18/2014,13:00,204.75,205.00,204.72,205.00,30564,18951
02/18/2014,13:05,205.00,205.18,204.37,204.60,46238,34469
02/18/2014,13:10,204.65,204.94,204.40,204.57,19231,14682
02/18/2014,13:15,204.58,204.75,204.40,204.70,17867,13910
02/18/2014,13:20,204.70,205.00,204.65,204.96,35589,20070
02/18/2014,13:25,204.89,205.10,204.80,205.00,26777,27432
02/18/2014,13:30,204.94,205.32,204.89,205.02,40749,36934
02/18/2014,13:35,205.01,205.34,204.80,205.30,35168,25178
02/18/2014,13:40,205.30,205.52,205.26,205.45,53184,27790
02/18/2014,13:45,205.39,205.50,205.20,205.20,29598,28798
02/18/2014,13:50,205.20,205.22,204.50,205.04,31542,33950
02/18/2014,13:55,205.02,205.02,204.55,205.00,24811,30544
02/18/2014,14:00,205.00,205.10,204.62,204.76,19044,13426
02/18/2014,14:05,204.73,204.95,204.50,204.89,26657,24493
02/18/2014,14:10,204.84,204.98,204.45,204.46,21759,28442
02/18/2014,14:15,204.46,204.69,204.26,204.58,12609,16667
02/18/2014,14:20,204.60,204.75,204.42,204.54,13468,18316
02/18/2014,14:25,204.52,204.98,204.49,204.96,25289,20336
02/18/2014,14:30,204.98,204.98,204.51,204.56,14128,17980
02/18/2014,14:35,204.56,204.97,204.51,204.79,22983,12498
02/18/2014,14:40,204.85,204.93,204.61,204.87,15044,20037
02/18/2014,14:45,204.89,205.45,204.73,205.44,71369,27368
02/18/2014,14:50,205.45,205.72,205.34,205.70,55393,35847
02/18/2014,14:55,205.69,206.00,205.53,205.85,93839,58919
02/18/2014,15:00,205.84,206.00,205.33,205.62,96731,46757
02/18/2014,15:05,205.62,205.71,205.17,205.20,33210,45642
02/18/2014,15:10,205.20,205.20,204.75,204.95,30756,38580
02/18/2014,15:15,204.94,205.20,204.85,205.05,23541,24471
02/18/2014,15:20,205.08,205.15,204.76,204.87,25279,35960
02/18/2014,15:25,204.75,205.15,204.75,204.94,27620,27661
02/18/2014,15:30,204.88,205.57,204.80,205.25,64154,40411
02/18/2014,15:35,205.21,205.50,205.08,205.15,29886,33179
02/18/2014,15:40,205.15,205.25,204.30,204.35,53848,110953
02/18/2014,15:45,204.47,204.52,203.31,203.48,82924,114342
02/18/2014,15:50,203.45,204.05,203.06,203.97,71889,74511
02/18/2014,15:55,204.08,204.27,203.66,203.68,75924,78367
02/18/2014,16:00,203.73,203.89,203.01,203.71,123493,129415
02/19/2014,09:35,203.40,203.70,200.29,201.14,227893,207580
02/19/2014,09:40,201.14,201.77,200.27,201.00,106740,134738
02/19/2014,09:45,201.01,201.10,198.37,198.70,165700,268203
02/19/2014,09:50,198.79,198.86,197.30,197.99,135031,195598
02/19/2014,09:55,197.83,198.50,197.17,198.20,146972,159310
02/19/2014,10:00,198.22,199.46,197.65,199.37,151152,167393
02/19/2014,10:05,199.28,199.46,197.98,198.90,90264,124179
02/19/2014,10:10,198.96,199.40,198.50,199.01,84540,85364
02/19/2014,10:15,199.15,199.30,198.60,198.62,57211,81536
02/19/2014,10:20,198.61,198.74,198.00,198.50,43130,92925
02/19/2014,10:25,198.39,198.40,197.68,197.83,41140,89980
02/19/2014,10:30,197.82,198.09,197.58,198.04,55173,78318
02/19/2014,10:35,197.99,198.37,197.72,198.31,56237,89180
02/19/2014,10:40,198.36,198.49,197.60,198.00,131357,165359
02/19/2014,10:45,198.06,198.40,197.90,198.05,42762,66173
02/19/2014,10:50,198.05,198.18,197.80,197.82,35868,57057
02/19/2014,10:55,197.80,198.37,197.61,198.09,50450,50109
02/19/2014,11:00,198.19,198.47,197.70,197.82,37877,59053
02/19/2014,11:05,197.83,198.18,197.60,198.09,40788,52602
02/19/2014,11:10,198.08,198.09,197.50,197.63,47993,65979
02/19/2014,11:15,197.76,197.98,197.25,197.97,43926,60500
02/19/2014,11:20,197.90,198.10,197.51,197.55,33065,31093
02/19/2014,11:25,197.59,197.59,196.44,196.88,85290,152320
02/19/2014,11:30,196.70,196.88,196.50,196.63,54312,50534
02/19/2014,11:35,196.63,196.76,196.50,196.75,41821,39469
02/19/2014,11:40,196.75,196.80,194.18,194.47,139392,226988
02/19/2014,11:45,194.41,194.87,193.41,194.50,124005,146780
02/19/2014,11:50,194.38,195.95,194.00,195.93,126067,110969
02/19/2014,11:55,195.88,196.70,195.55,196.14,78939,68732
02/19/2014,12:00,196.32,196.32,195.09,195.22,43086,74648
02/19/2014,12:05,195.26,195.66,194.83,195.27,47930,51667
02/19/2014,12:10,195.43,196.10,195.27,195.50,52376,43234
02/19/2014,12:15,195.46,195.49,195.00,195.02,22974,37790
02/19/2014,12:20,195.20,195.20,194.00,194.44,41583,52876
02/19/2014,12:25,194.54,194.69,194.00,194.50,37408,37858
02/19/2014,12:30,194.59,194.84,194.15,194.81,37663,37255
02/19/2014,12:35,194.80,195.40,194.59,195.01,54715,45401
02/19/2014,12:40,195.01,195.80,194.92,195.60,46280,38624
02/19/2014,12:45,195.60,196.15,195.50,195.51,72249,67592
02/19/2014,12:50,195.61,196.15,195.25,195.73,36459,41007
02/19/2014,12:55,195.74,195.82,194.76,194.92,27550,32678
02/19/2014,13:00,194.97,195.49,194.80,195.44,39869,26750
02/19/2014,13:05,195.49,195.88,195.33,195.65,33975,20050
02/19/2014,13:10,195.73,195.85,195.00,195.85,20055,25735
02/19/2014,13:15,195.78,196.72,195.63,196.72,55986,32689
02/19/2014,13:20,196.72,196.80,196.06,196.45,35082,34280
02/19/2014,13:25,196.32,196.62,196.32,196.57,21022,21309
02/19/2014,13:30,196.50,196.72,195.84,195.88,21951,29274
02/19/2014,13:35,195.87,196.20,195.80,195.93,21354,23858
02/19/2014,13:40,195.84,195.91,195.20,195.46,40109,65275
02/19/2014,13:45,195.49,195.49,194.87,194.99,29828,41718
02/19/2014,13:50,194.99,195.50,194.88,195.06,32064,34136
02/19/2014,13:55,195.06,195.20,194.85,195.01,17478,18987
02/19/2014,14:00,195.10,195.20,194.31,194.51,34835,44970
02/19/2014,14:05,194.41,195.38,194.31,195.22,62530,44030
02/19/2014,14:10,195.17,195.97,194.83,195.79,41258,41032
02/19/2014,14:15,195.77,195.95,195.12,195.38,27178,32102
02/19/2014,14:20,195.50,195.96,195.21,195.88,26438,19738
02/19/2014,14:25,195.88,195.93,195.00,195.40,32999,42906
02/19/2014,14:30,195.40,195.81,195.00,195.81,32783,30275
02/19/2014,14:35,195.82,195.85,195.20,195.54,23037,30279
02/19/2014,14:40,195.59,195.96,195.51,195.90,30615,37076
02/19/2014,14:45,195.90,195.90,195.13,195.35,36474,49162
02/19/2014,14:50,195.30,195.61,195.12,195.51,27736,39365
02/19/2014,14:55,195.50,195.75,195.37,195.73,31565,29075
02/19/2014,15:00,195.54,195.73,194.85,195.31,41740,60773
02/19/2014,15:05,195.41,196.85,195.02,196.50,122718,71390
02/19/2014,15:10,196.46,196.60,196.00,196.14,43671,51760
02/19/2014,15:15,196.25,196.40,195.91,196.23,58845,48969
02/19/2014,15:20,196.13,196.50,196.00,196.10,41710,56639
02/19/2014,15:25,196.10,196.14,195.50,195.87,54247,70000
02/19/2014,15:30,195.85,195.92,194.75,194.79,73055,75257
02/19/2014,15:35,194.83,194.99,194.10,194.18,88438,85824
02/19/2014,15:40,194.10,194.70,193.50,194.59,153662,139050
02/19/2014,15:45,194.53,194.90,194.00,194.02,71694,95874
02/19/2014,15:50,194.02,194.21,193.50,194.00,150028,155294
02/19/2014,15:55,193.99,194.51,193.77,193.97,176717,176076
02/19/2014,16:00,193.96,194.40,193.50,193.65,227696,209806